{
  "train": {
    "inputs": {
      "records": 6400000,
      "mean": 139.3931834375,
      "stddev": 98.08716718866427,
      "min": 4.0,
      "max": 1024.0,
      "median": 121.0,
      "p75": 182.0,
      "p90": 256.0,
      "p95": 313.0,
      "p99": 469.0
    },
    "labels": {
      "records": 6400000,
      "mean": 185.97485671875,
      "stddev": 142.05195675296648,
      "min": 4.0,
      "max": 1024.0,
      "median": 153.0,
      "p75": 249.0,
      "p90": 366.0,
      "p95": 454.0,
      "p99": 683.0
    }
  },
  "eval": {
    "inputs": {
      "records": 1600000,
      "mean": 139.341783125,
      "stddev": 98.05767091319508,
      "min": 4.0,
      "max": 1024.0,
      "median": 121.0,
      "p75": 182.0,
      "p90": 256.0,
      "p95": 313.0,
      "p99": 468.0
    },
    "labels": {
      "records": 1600000,
      "mean": 185.89400125,
      "stddev": 142.07343398051233,
      "min": 4.0,
      "max": 1024.0,
      "median": 153.0,
      "p75": 249.0,
      "p90": 366.0,
      "p95": 454.0,
      "p99": 682.0
    }
  }
}